State,City,Avg_Sleepiness,People_Queried_About_Sleep,Crashes_per_Year,Avg_Crash_Severity,Percent_Morning_Crashes,Percent_Evening_Crashes
AZ,Glendale,36.17%,109,16.25,2.123076923,56.92%,43.08%
FL,Port St. Lucie,36.93%,24,0,#N/A,#DIV/0!,#DIV/0!
CO,Aurora,32.38%,133,9.25,2.297297297,72.97%,27.03%
IL,Joliet,34.90%,48,1,3,75.00%,25.00%
LA,Baton Rouge,38.68%,69,41.25,1.987878788,37.58%,62.42%
LA,Lake Charles,41.66%,24,0.25,2,100.00%,100.00%
LA,Shreveport,38.49%,63,13.25,2.094339623,28.30%,71.70%
MI,Rochester Hills,32.01%,22,0,#N/A,#DIV/0!,#DIV/0!
NY,New York,40.45%,2142,24,2.239583333,66.67%,33.33%
NC,Cary,30.07%,43,6,2.041666667,37.50%,62.50%
NC,Gastonia,37.62%,40,1.75,2.142857143,71.43%,28.57%
NC,Raleigh,32.76%,99,52,2.057692308,59.13%,40.87%
NC,Winston-Salem,36.21%,74,0,#N/A,#DIV/0!,#DIV/0!
OH,Toledo,43.86%,101,4.5,2.277777778,50.00%,50.00%
OK,Oklahoma City,34.64%,220,18.75,2.186666667,92.00%,8.00%
OR,Beaverton,31.16%,32,4.25,2.294117647,88.24%,11.76%
PA,Pittsburgh,40.45%,137,12.5,2.88,80.00%,20.00%
RI,Providence,41.35%,41,10.5,2.238095238,85.71%,14.29%
SC,Charleston,35.44%,72,6.75,,70.37%,29.63%
SC,Columbia,36.60%,95,24.25,2.18556701,52.58%,47.42%
SD,Rapid City,26.51%,22,0,#N/A,#DIV/0!,#DIV/0!
TN,Chattanooga,40.10%,59,21.5,2,52.33%,47.67%
TN,Nashville,39.93%,158,48,1.989583333,54.69%,45.31%
TX,Austin,29.74%,207,39.5,2.17721519,48.73%,51.27%
TX,Denton,30.74%,33,3.5,2.571428571,78.57%,21.43%
TX,El Paso,36.96%,138,14.5,1.793103448,56.90%,43.10%
TX,Garland,34.17%,55,2,2.375,50.00%,50.00%
TX,Sugar Land,31.92%,22,0.5,3,50.00%,50.00%
UT,Salt Lake City,30.17%,59,48.75,2.102564103,64.62%,35.38%
UT,West Valley City,33.26%,29,14.5,2.137931034,62.07%,37.93%
VA,Alexandria,31.14%,40,9,2.194444444,58.33%,41.67%
WA,Kent,33.51%,25,4.25,2.588235294,64.71%,35.29%
WA,Spokane,32.07%,62,1.5,2.5,66.67%,33.33%
AL,Montgomery,38.60%,63,6.75,2.185185185,62.96%,37.04%
AK,Anchorage,31.27%,57,0,#N/A,#DIV/0!,#DIV/0!
AL,Huntsville,38.22%,66,3.25,2.076923077,46.15%,53.85%
AL,Birmingham,40.89%,100,9.75,2.307692308,41.03%,58.97%
AL,Mobile,40.01%,80,5,,55.00%,45.00%
AZ,Chandler,34.76%,65,4.75,2,73.68%,26.32%
AZ,Gilbert,34.79%,48,2.25,2.444444444,44.44%,55.56%
AL,Tuscaloosa,39.69%,40,4,2,56.25%,43.75%
AL,Hoover,33.32%,31,0,#N/A,#DIV/0!,#DIV/0!
AZ,Avondale,38.04%,25,2,1.875,75.00%,25.00%
TX,Lubbock,35.21%,62,0.25,3,100.00%,100.00%
TX,Odessa,32.80%,26,1.5,2,66.67%,33.33%
AZ,Peoria,34.61%,90,1.75,1.714285714,85.71%,14.29%
AZ,Mesa,35.41%,126,6.75,2.259259259,59.26%,40.74%
AZ,Phoenix,37.41%,361,61.5,2.028455285,58.54%,41.46%
CA,Antioch,35.95%,22,14.5,2.155172414,70.69%,29.31%
AR,Fort Smith,35.12%,23,0.25,4,100.00%,100.00%
AZ,Scottsdale,31.21%,66,8.25,2.363636364,72.73%,27.27%
CA,Alhambra,37.89%,22,4.75,2,68.42%,31.58%
CA,Anaheim,33.91%,80,35.25,2.085106383,65.96%,34.04%
AZ,Tucson,34.12%,148,41,1.615853659,57.32%,42.68%
AR,Little Rock,37.31%,54,7.25,2.034482759,31.03%,68.97%
AZ,Tempe,34.84%,41,12,2.020833333,47.92%,52.08%
AR,Jonesboro,32.51%,18,0.75,,100.00%,33.33%
AZ,Yuma,31.15%,34,0.25,2,100.00%,100.00%
AZ,Surprise,34.19%,33,3,2.083333333,50.00%,50.00%
AR,Springdale,35.52%,18,0.25,2,100.00%,100.00%
AR,Fayetteville,37.21%,74,3,2.75,66.67%,33.33%
CA,Alameda,33.78%,18,0,#N/A,#DIV/0!,#DIV/0!
CA,Huntington Beach,30.64%,48,0.5,2,50.00%,50.00%
CA,Buena Park,34.15%,20,6.25,2.04,52.00%,48.00%
CA,Chico,32.85%,26,4.25,2.117647059,52.94%,47.06%
CA,Burbank,34.10%,25,9,2.166666667,61.11%,38.89%
CA,Chino,37.70%,20,9.25,2.108108108,62.16%,37.84%
CA,Carlsbad,29.71%,23,6.25,2,56.00%,44.00%
CA,Corona,38.29%,37,35.75,2.090909091,54.55%,45.45%
CA,Bakersfield,37.16%,83,30.25,2.123966942,41.32%,58.68%
CA,Daly City,34.65%,22,3.75,2.266666667,80.00%,20.00%
CA,Chula Vista,34.16%,49,8.25,2.060606061,63.64%,36.36%
CA,Costa Mesa,31.88%,28,8.75,2.057142857,65.71%,34.29%
CA,Clovis,33.34%,26,2.25,1.888888889,33.33%,66.67%
CA,Chino Hills,36.59%,14,0.5,2,50.00%,50.00%
CA,Compton,41.29%,31,10.75,,55.81%,44.19%
CA,Baldwin Park,37.68%,20,16.25,2.107692308,64.62%,35.38%
CA,Berkeley,31.64%,35,8.25,2.121212121,63.64%,36.36%
CA,Concord,33.17%,58,9.5,1.973684211,68.42%,31.58%
CA,Carson,38.53%,22,9.5,2.105263158,73.68%,26.32%
CA,Citrus Heights,35.32%,25,2,2,62.50%,37.50%
CA,Bellflower,38.26%,20,3.5,2,64.29%,35.71%
CA,Apple Valley,37.88%,15,1,2,75.00%,25.00%
CA,Irvine,31.19%,39,19.25,2.077922078,51.95%,48.05%
CA,Fresno,36.51%,128,28.25,2.017699115,60.18%,39.82%
CA,El Cajon,34.85%,30,1.5,2,100.00%,16.67%
CA,Garden Grove,35.55%,46,7.5,2.166666667,50.00%,50.00%
CA,Hayward,36.56%,40,22.75,2.043956044,69.23%,30.77%
CA,Elk Grove,36.48%,30,8.5,2,64.71%,35.29%
CA,Fremont,34.52%,45,14,2.089285714,66.07%,33.93%
CA,Fontana,39.64%,37,11.5,2.152173913,56.52%,43.48%
CA,El Monte,38.89%,33,6.25,2.04,64.00%,36.00%
CA,Escondido,34.10%,37,12.75,2.078431373,52.94%,47.06%
CA,Hawthorne,39.90%,26,9.5,2.236842105,73.68%,26.32%
CA,Fullerton,32.35%,35,4.5,,77.78%,22.22%
CA,Fairfield,37.58%,29,14,1.982142857,60.71%,39.29%
CA,Downey,35.72%,24,11.75,2.127659574,61.70%,38.30%
CA,Glendale,36.16%,108,16.25,2.123076923,56.92%,43.08%
CA,Folsom,33.33%,19,1.75,1.857142857,71.43%,28.57%
CA,Long Beach,37.59%,112,33.5,2.082089552,64.93%,35.07%
CA,Hemet,37.89%,26,0.75,2,66.67%,33.33%
CA,Inglewood,40.78%,34,10,2.1,57.50%,42.50%
CA,Lancaster,38.71%,36,16,2.078125,48.44%,51.56%
CA,Hesperia,39.04%,19,7.25,2.24137931,55.17%,44.83%
CA,Livermore,32.60%,21,14.25,2.035087719,63.16%,36.84%
CA,Indio,37.63%,24,0,#N/A,#DIV/0!,#DIV/0!
CA,Lake Forest,31.12%,18,6,2.416666667,58.33%,41.67%
CA,Lakewood,29.85%,67,3.25,2.307692308,84.62%,15.38%
US,,34.85%,2,0.75,2,33.33%,33.33%
CA,Los Angeles,36.92%,1005,243.75,2.08,58.46%,41.54%
CA,Newport Beach,27.44%,24,1.25,2.4,20.00%,80.00%
CA,Murrieta,37.01%,20,4.5,2,27.78%,72.22%
CA,Norwalk,35.95%,47,13.75,2.072727273,65.45%,34.55%
CA,Manteca,35.07%,19,3.5,,57.14%,42.86%
CA,Mission Viejo,29.74%,25,7,2.142857143,71.43%,28.57%
CA,Napa,32.64%,26,7.25,2,62.07%,37.93%
CA,Modesto,36.62%,50,12.25,1.979591837,51.02%,48.98%
CA,Mountain View,29.78%,23,5.5,2,68.18%,31.82%
CA,Merced,37.81%,22,3,2.166666667,25.00%,75.00%
CA,Milpitas,34.08%,19,5,2.05,75.00%,25.00%
CA,Moreno Valley,41.10%,46,9.5,2.026315789,42.11%,57.89%
CA,Menifee,36.76%,25,3,2,50.00%,50.00%
CA,Lynwood,39.75%,14,9.5,2.131578947,50.00%,50.00%
CA,Pleasanton,31.46%,16,7.75,2.161290323,77.42%,22.58%
CA,Pomona,37.84%,35,24.25,2.103092784,50.52%,49.48%
CA,Richmond,38.40%,99,50.5,1.965346535,68.81%,31.19%
CA,Oakland,37.24%,115,41.75,2.113772455,61.68%,38.32%
CA,Ontario,38.95%,41,35.5,2.056338028,65.49%,34.51%
CA,Oceanside,33.04%,36,5.75,2.043478261,52.17%,47.83%
CA,Oxnard,37.14%,41,3,2,33.33%,66.67%
CA,Palmdale,38.70%,41,6,2.083333333,54.17%,45.83%
CA,Orange,31.53%,36,12.5,2.14,58.00%,42.00%
CA,Redding,31.40%,32,4.25,,47.06%,52.94%
CA,Rialto,40.09%,31,5.25,2,42.86%,57.14%
CA,Rancho Cucamonga,36.94%,31,7.25,2.068965517,51.72%,48.28%
CA,Redwood City,31.24%,23,11.25,2.111111111,75.56%,24.44%
CA,Redlands,35.43%,19,12.75,2.176470588,43.14%,56.86%
CA,Pasadena,34.42%,77,15,2.133333333,71.67%,28.33%
CA,Redondo Beach,32.48%,15,0.75,2,66.67%,33.33%
CA,Perris,41.58%,13,8,2.125,43.75%,56.25%
CA,San Diego,33.35%,298,89.5,2.089385475,60.89%,39.11%
CA,Sacramento,37.73%,120,103.25,2.026634383,59.56%,40.44%
CA,Riverside,38.67%,76,41.5,2.108433735,61.45%,38.55%
CA,Roseville,30.82%,32,8.5,2.058823529,55.88%,44.12%
CA,San Bernardino,41.34%,58,36.25,2.068965517,64.83%,35.17%
CA,San Buenaventura (Ventura),33.03%,28,0,#N/A,#DIV/0!,#DIV/0!
CA,Salinas,35.08%,35,10.25,2,53.66%,46.34%
CO,Denver,28.41%,145,44.25,2.644067797,76.84%,23.16%
CA,San Francisco,30.36%,197,27.25,2.036697248,65.14%,34.86%
CA,San Jose,32.82%,221,52.25,2.062200957,57.42%,42.58%
CA,San Leandro,36.15%,22,8.5,2.088235294,67.65%,32.35%
CA,San Mateo,31.03%,28,10.75,,60.47%,39.53%
CA,San Ramon,31.76%,18,2,1.875,50.00%,50.00%
CA,San Marcos,33.24%,20,7.25,2.137931034,58.62%,41.38%
CT,Waterbury,40.85%,30,4,2.0625,68.75%,31.25%
CO,Centennial,27.10%,41,0,#N/A,#DIV/0!,#DIV/0!
CA,Santa Barbara,26.48%,26,5.5,2.090909091,50.00%,50.00%
CA,Stockton,37.77%,74,13,1.980769231,53.85%,46.15%
CA,Simi Valley,33.95%,30,2.5,2.1,70.00%,30.00%
CA,Tracy,35.59%,17,12.75,1.980392157,54.90%,45.10%
CA,Sunnyvale,30.77%,33,5.25,2.19047619,80.95%,19.05%
CA,Turlock,35.64%,17,3.75,2,86.67%,13.33%
CA,Santa Ana,35.47%,63,15,2.033333333,66.67%,33.33%
CA,Santa Clara,31.33%,27,5.75,2.086956522,69.57%,30.43%
CA,Santa Rosa,33.61%,38,12.25,2.142857143,51.02%,48.98%
CA,Upland,36.62%,19,6.75,2.037037037,33.33%,66.67%
CA,Santa Clarita,34.24%,51,2.25,2,33.33%,66.67%
CA,Union City,39.59%,38,7,2.25,75.00%,25.00%
CA,Temecula,37.23%,24,6.75,2.074074074,40.74%,59.26%
CA,Vacaville,35.78%,23,4.5,2,55.56%,44.44%
CA,Tustin,32.71%,24,12,,68.75%,31.25%
CA,Torrance,34.35%,32,5.75,2,69.57%,30.43%
CA,Thousand Oaks,31.73%,32,1.25,2.4,60.00%,40.00%
CA,South Gate,37.95%,22,3.25,2.076923077,84.62%,15.38%
CA,Santa Monica,31.68%,21,3.5,2.071428571,64.29%,35.71%
CA,Santa Maria,31.15%,21,4.25,2,35.29%,64.71%
CA,Vista,34.25%,29,4.5,2,38.89%,61.11%
CA,Westminster,32.03%,60,6,2.583333333,62.50%,37.50%
CO,Colorado Springs,30.25%,107,11,2.386363636,79.55%,20.45%
CO,Boulder,24.03%,30,1,3.25,100.00%,25.00%
CO,Arvada,26.73%,36,0.75,3,66.67%,33.33%
CA,Whittier,34.52%,25,22.5,2.033333333,62.22%,37.78%
CA,West Covina,35.94%,34,11.25,2,64.44%,35.56%
CA,Visalia,32.67%,24,5,2,40.00%,60.00%
CA,Vallejo,38.74%,35,7.25,2.103448276,55.17%,44.83%
CA,Victorville,39.76%,22,1.75,2,14.29%,85.71%
CT,Bridgeport,40.85%,40,3.25,2.384615385,30.77%,69.23%
CO,Lakewood,29.85%,67,3.25,2.307692308,84.62%,15.38%
CO,Greeley,29.11%,39,1.25,2.8,80.00%,20.00%
CO,Fort Collins,26.48%,49,1,,50.00%,50.00%
CT,Hartford,41.40%,42,10.5,2.261904762,66.67%,33.33%
CT,New Britain,37.04%,23,1.75,2.285714286,57.14%,42.86%
CO,Westminster,32.03%,60,6,2.583333333,62.50%,37.50%
CO,Loveland,26.53%,18,1.75,2.428571429,100.00%,14.29%
CT,Stamford,34.26%,27,2.25,2.444444444,44.44%,55.56%
CO,Longmont,26.10%,23,0.25,3,100.00%,100.00%
CT,New Haven,40.44%,33,3.75,2.333333333,60.00%,40.00%
CT,Danbury,36.07%,17,2.75,2.363636364,18.18%,81.82%
CT,Norwalk,35.95%,47,13.5,2.074074074,64.81%,35.19%
CO,Pueblo,34.57%,41,1.5,3,50.00%,50.00%
CO,Thornton,31.50%,36,2.5,2.4,60.00%,40.00%
IL,Bloomington,31.51%,73,7,2,53.57%,46.43%
FL,Clearwater,38.16%,38,9.25,2.054054054,62.16%,37.84%
FL,Fort Lauderdale,37.66%,53,36.75,2.299319728,63.27%,36.73%
DC,Washington,37.61%,181,25.5,2.519607843,60.78%,39.22%
DE,Wilmington,37.30%,59,5.25,2.285714286,61.90%,38.10%
FL,Deltona,38.07%,20,0.25,3,100.00%,100.00%
FL,Cape Coral,33.18%,32,0.75,2.666666667,33.33%,66.67%
FL,Boca Raton,34.35%,29,6.75,,70.37%,29.63%
FL,Gainesville,37.07%,41,5,2.45,45.00%,55.00%
FL,Hollywood,36.87%,37,11.75,2.340425532,53.19%,46.81%
FL,Boynton Beach,38.73%,26,2.75,2,90.91%,9.09%
FL,Coral Springs,36.43%,28,0.75,2.666666667,100.00%,33.33%
FL,Deerfield Beach,37.04%,19,3.25,2.307692308,53.85%,46.15%
FL,Hialeah,33.86%,45,18.75,2.213333333,66.67%,33.33%
FL,Davie,35.11%,24,0.25,4,100.00%,100.00%
FL,Miramar,40.78%,18,0,#N/A,#DIV/0!,#DIV/0!
FL,Lakeland,35.78%,45,1.25,2.2,60.00%,40.00%
FL,Jacksonville,38.60%,185,43.5,2.16091954,49.43%,50.57%
FL,Miami,35.50%,106,223,2.167040359,62.22%,37.78%
FL,Melbourne,35.52%,27,5.75,2.173913043,60.87%,39.13%
FL,Palm Bay,37.17%,18,1.5,1.5,83.33%,16.67%
FL,Orlando,37.46%,82,95.25,2.118110236,65.88%,34.12%
FL,Miami Beach,31.00%,31,2,2,75.00%,25.00%
FL,Largo,38.02%,38,3.5,2.285714286,64.29%,35.71%
FL,Palm Coast,34.47%,18,1.5,2.166666667,33.33%,66.67%
FL,Miami Gardens,41.44%,26,3.5,2.071428571,57.14%,42.86%
FL,Lauderhill,44.14%,17,0.25,,100.00%,100.00%
HI,Honolulu,46.68%,241,0,#N/A,#DIV/0!,#DIV/0!
FL,Tampa,36.28%,114,35.75,2.111888112,69.23%,30.77%
GA,Atlanta,39.54%,133,75.75,2.481848185,56.44%,43.56%
FL,St. Petersburg,40.02%,73,0.5,2.5,50.00%,50.00%
FL,Tallahassee,34.65%,62,10.75,1.930232558,51.16%,48.84%
FL,Plantation,35.88%,22,0.25,2,100.00%,100.00%
FL,Sunrise,37.85%,23,0,#N/A,#DIV/0!,#DIV/0!
FL,West Palm Beach,41.50%,35,12,2.25,64.58%,35.42%
FL,Pembroke Pines,36.03%,32,0.5,2,50.00%,50.00%
FL,Pompano Beach,37.47%,28,5.75,2.565217391,69.57%,30.43%
GA,Albany,42.88%,55,13.25,2.245283019,49.06%,50.94%
GA,Athens,37.41%,32,1.25,2.6,40.00%,60.00%
GA,Macon,43.20%,38,3,2.416666667,91.67%,8.33%
GA,Savannah,41.68%,56,2.75,2.181818182,81.82%,18.18%
GA,Augusta,42.99%,49,2.75,1.909090909,90.91%,9.09%
GA,Columbus,40.25%,293,24,2.427083333,76.04%,23.96%
GA,Johns Creek,32.88%,16,0,#N/A,#DIV/0!,#DIV/0!
GA,Sandy Springs,32.74%,27,0,#N/A,#DIV/0!,#DIV/0!
ID,Boise City,27.58%,47,0,,#DIV/0!,#DIV/0!
GA,Warner Robins,39.13%,21,0.75,3.333333333,33.33%,100.00%
ID,Meridian,28.19%,10,2.5,2,50.00%,50.00%
ID,Nampa,33.14%,17,2.75,2,27.27%,72.73%
GA,Roswell,32.55%,20,0.75,3,33.33%,66.67%
IL,Champaign,30.54%,24,0.25,4,100.00%,100.00%
IL,Aurora,32.42%,132,9.25,2.297297297,72.97%,27.03%
IL,Bolingbrook,34.41%,19,1.25,2.8,80.00%,20.00%
IL,Arlington Heights,29.81%,25,0.5,2.5,100.00%,50.00%
IN,Indianapolis,37.25%,216,29.25,2.393162393,59.83%,40.17%
IL,Chicago,36.83%,799,73,2.743150685,52.40%,47.60%
IL,Peoria,34.61%,90,1.75,1.714285714,85.71%,14.29%
IL,Palatine,31.01%,17,1,2.5,75.00%,25.00%
IL,Evanston,31.03%,20,0.75,4,100.00%,33.33%
IL,Cicero,36.35%,18,0.75,2,100.00%,33.33%
IL,Elgin,34.46%,30,6,2.375,41.67%,58.33%
IL,Naperville,30.19%,39,3.5,2.642857143,71.43%,28.57%
IL,Decatur,34.62%,31,7,2.678571429,50.00%,50.00%
IL,Waukegan,37.65%,28,7.5,2.566666667,73.33%,26.67%
IL,Springfield,35.23%,141,22.5,,58.89%,41.11%
IN,Fort Wayne,33.22%,82,0.25,2,100.00%,100.00%
IL,Schaumburg,31.53%,28,1.75,2.571428571,100.00%,14.29%
IN,Evansville,36.62%,46,1.75,2.571428571,42.86%,57.14%
IL,Rockford,39.33%,58,1,3,50.00%,50.00%
IN,Hammond,41.13%,21,1,2.25,50.00%,50.00%
IN,Bloomington,31.51%,73,7,2,53.57%,46.43%
IN,Fishers,31.08%,11,0.5,2.5,100.00%,50.00%
IN,Gary,48.61%,33,4,2.5625,68.75%,31.25%
IN,Carmel,29.77%,17,1.25,2.4,80.00%,20.00%
KS,Kansas City,38.78%,234,44.75,2.396648045,63.69%,36.31%
IN,Muncie,37.06%,28,0,#N/A,#DIV/0!,#DIV/0!
IA,Davenport,30.61%,36,3.25,2.153846154,61.54%,38.46%
IA,Cedar Rapids,28.31%,40,2.25,2,66.67%,33.33%
IA,Sioux City,29.43%,25,0.5,2,50.00%,50.00%
KS,Olathe,27.84%,30,2.25,2.333333333,66.67%,33.33%
IN,Lafayette,36.31%,58,4,2.25,68.75%,31.25%
IA,Waterloo,30.66%,29,0.25,2,100.00%,100.00%
IA,Des Moines,32.56%,62,5,2.35,55.00%,45.00%
IN,South Bend,40.87%,47,0.25,,100.00%,100.00%
IA,Iowa City,27.01%,19,0.75,2.666666667,100.00%,33.33%
KS,Overland Park,25.68%,51,4.5,2.166666667,66.67%,33.33%
KS,Topeka,32.72%,41,0.25,4,100.00%,100.00%
KS,Lawrence,35.02%,40,0.25,4,100.00%,100.00%
KS,Wichita,35.85%,112,1.25,2.6,60.00%,40.00%
KY,Louisville,37.91%,185,19.25,2.272727273,74.03%,25.97%
KY,Lexington,39.28%,84,12.25,2.102040816,61.22%,38.78%
LA,Kenner,39.03%,20,1,2.75,50.00%,50.00%
LA,Lafayette,36.31%,58,4,2.25,68.75%,31.25%
MA,Boston,35.84%,178,2.75,2.181818182,72.73%,27.27%
LA,New Orleans,41.32%,177,34.25,2,44.53%,55.47%
MD,Baltimore,43.48%,202,15.75,2.349206349,68.25%,31.75%
MA,Brockton,44.33%,23,0.5,2.5,50.00%,50.00%
MA,Cambridge,31.70%,34,2,2.125,37.50%,62.50%
ME,Portland,30.72%,184,87.25,2.068767908,70.49%,29.51%
MA,Worcester,38.42%,46,0,#N/A,#DIV/0!,#DIV/0!
MI,Dearborn,39.21%,26,2.75,2.272727273,100.00%,9.09%
MI,Ann Arbor,30.80%,38,2.25,2.888888889,66.67%,33.33%
MA,Lowell,37.09%,27,3,,33.33%,66.67%
MA,Lawrence,35.02%,40,0.25,4,100.00%,100.00%
MA,Fall River,39.73%,27,0.75,2.333333333,100.00%,33.33%
MA,Springfield,35.23%,141,22.5,2.244444444,58.89%,41.11%
MA,Lynn,40.00%,24,0,#N/A,#DIV/0!,#DIV/0!
MA,Somerville,32.25%,20,0.25,2,100.00%,100.00%
MA,Newton,29.03%,20,0.75,2.666666667,33.33%,66.67%
MA,New Bedford,40.57%,33,0.25,2,100.00%,100.00%
MA,Quincy,34.17%,22,3,2.083333333,41.67%,58.33%
MS,Jackson,41.25%,56,8.5,2.058823529,64.71%,35.29%
MI,Lansing,39.33%,47,5.5,3.090909091,59.09%,40.91%
MI,Detroit,50.03%,298,31.25,2.32,60.80%,39.20%
MI,Troy,32.35%,24,4.25,2.647058824,52.94%,47.06%
MI,Flint,49.49%,42,13.25,2.113207547,54.72%,45.28%
MN,Brooklyn Park,32.50%,15,0,#N/A,#DIV/0!,#DIV/0!
MI,Kalamazoo,38.94%,25,1,2.5,75.00%,25.00%
MI,Warren,39.37%,45,2.5,2.8,100.00%,10.00%
MI,Southfield,39.59%,25,2.75,2.545454545,54.55%,45.45%
MI,Westland,40.02%,25,0,#N/A,#DIV/0!,#DIV/0!
MI,Sterling Heights,37.19%,29,1,,100.00%,25.00%
MI,Wyoming,36.40%,18,3,2.166666667,66.67%,33.33%
MN,Duluth,32.81%,38,2.75,2.181818182,18.18%,81.82%
MI,Farmington Hills,32.91%,25,0,#N/A,#DIV/0!,#DIV/0!
MI,Grand Rapids,36.31%,54,17.75,2.211267606,53.52%,46.48%
MN,Bloomington,31.51%,73,7,2,53.57%,46.43%
MI,Livonia,35.73%,33,1.75,2.285714286,57.14%,42.86%
MN,Minneapolis,31.01%,118,79.5,2.116352201,51.89%,48.11%
MO,O'Fallon,#VALUE!,1,0,#VALUE!,#DIV/0!,#DIV/0!
MO,Columbia,36.63%,94,24.25,2.18556701,52.58%,47.42%
MN,St. Paul,31.13%,83,0,#N/A,#DIV/0!,#DIV/0!
MN,Rochester,38.27%,117,30.75,2.219512195,65.04%,34.96%
MO,Independence,36.41%,33,6.5,2.115384615,61.54%,38.46%
MN,Plymouth,26.80%,17,3,2.666666667,75.00%,25.00%
MS,Gulfport,38.50%,24,0.75,1.666666667,100.00%,33.33%
MO,Kansas City,38.78%,234,43.25,2.404624277,63.58%,36.42%
MO,St. Joseph,35.01%,26,0,#N/A,#DIV/0!,#DIV/0!
MO,Lee's Summit,#VALUE!,1,0,#VALUE!,#DIV/0!,#DIV/0!
NJ,Jersey City,43.77%,68,3.5,2.214285714,85.71%,14.29%
MO,St. Louis,38.76%,108,0,,#DIV/0!,#DIV/0!
NE,Lincoln,28.28%,74,2,2.375,75.00%,25.00%
NV,Henderson,38.27%,70,3,2.916666667,50.00%,50.00%
MT,Billings,30.49%,30,1.75,2,14.29%,85.71%
NE,Omaha,31.81%,149,10.75,2.209302326,67.44%,32.56%
MO,Springfield,35.23%,141,22.5,2.244444444,58.89%,41.11%
MT,Missoula,27.95%,18,1.25,2,20.00%,80.00%
NH,Manchester,36.30%,31,3,2.25,91.67%,8.33%
NV,Sparks,33.96%,28,3,2.333333333,50.00%,50.00%
NV,Las Vegas,40.61%,158,10,2.225,65.00%,35.00%
NV,North Las Vegas,43.27%,52,0,#N/A,#DIV/0!,#DIV/0!
NJ,Newark,50.07%,89,20,2.2875,70.00%,30.00%
NJ,Paterson,43.82%,35,1.25,2.4,40.00%,60.00%
NJ,Union City,39.59%,38,7,2.25,75.00%,25.00%
NJ,Passaic,41.18%,16,0.75,2.333333333,66.67%,33.33%
NJ,Trenton,46.15%,27,5.5,2.227272727,63.64%,36.36%
NV,Reno,33.47%,73,4.25,2.294117647,70.59%,29.41%
NJ,Elizabeth,44.11%,28,2.25,2.444444444,77.78%,22.22%
NH,Nashua,35.10%,20,2.25,2,55.56%,44.44%
NJ,Camden,50.01%,21,3.5,,50.00%,50.00%
NJ,Clifton,36.73%,18,2.75,2.181818182,100.00%,9.09%
NM,Las Cruces,31.44%,28,0.5,3,100.00%,50.00%
NM,Albuquerque,32.13%,142,5.25,2.619047619,80.95%,19.05%
NM,Rio Rancho,31.77%,20,0,#N/A,#DIV/0!,#DIV/0!
NM,Santa Fe,27.05%,35,0.75,4,33.33%,66.67%
NY,New Rochelle,34.87%,17,2.5,2.2,60.00%,40.00%
NY,Albany,42.88%,55,13.25,2.245283019,49.06%,50.94%
NY,Buffalo,42.80%,81,10.75,2.209302326,69.77%,30.23%
NY,Mount Vernon,41.09%,22,2,2,75.00%,25.00%
NC,Greensboro,35.58%,84,6.5,2.384615385,88.46%,11.54%
NC,Charlotte,33.75%,202,132.75,2.062146893,77.02%,22.98%
NC,Durham,34.67%,65,6.5,1.961538462,73.08%,26.92%
NY,Rochester,38.27%,117,30.75,2.219512195,65.04%,34.96%
NY,Yonkers,35.97%,53,5.5,2.227272727,45.45%,54.55%
NC,Asheville,30.45%,35,2.75,2.090909091,90.91%,9.09%
NY,Syracuse,40.38%,58,12.5,2.34,80.00%,20.00%
NY,Schenectady,41.23%,22,4.25,2.764705882,70.59%,29.41%
NC,Greenville,38.48%,26,21.5,2.11627907,51.16%,48.84%
NC,High Point,35.78%,37,1,,100.00%,25.00%
NC,Fayetteville,37.21%,74,3,2.75,66.67%,33.33%
NC,Jacksonville,38.60%,185,43.5,2.16091954,49.43%,50.57%
NC,Wilmington,37.30%,59,5.25,2.285714286,61.90%,38.10%
NC,Concord,33.17%,58,9.5,1.973684211,68.42%,31.58%
OH,Cincinnati,43.06%,120,20.5,2.365853659,74.39%,25.61%
OH,Cleveland,43.40%,178,11.25,2.311111111,82.22%,17.78%
OH,Akron,43.42%,70,6,2.583333333,75.00%,25.00%
ND,Fargo,27.47%,27,0.75,2,33.33%,100.00%
OH,Canton,42.04%,32,3.75,3.133333333,60.00%,40.00%
OH,Columbus,40.25%,293,24,2.427083333,76.04%,23.96%
OH,Dayton,45.52%,66,17.25,2.130434783,49.28%,50.72%
OK,Norman,34.28%,32,0,#N/A,#DIV/0!,#DIV/0!
OK,Lawton,35.01%,30,0,#N/A,#DIV/0!,#DIV/0!
OK,Broken Arrow,31.71%,42,0,#N/A,#DIV/0!,#DIV/0!
OK,Edmond,30.34%,24,0.25,2,100.00%,100.00%
OH,Youngstown,45.31%,34,0.75,2.666666667,100.00%,33.33%
OH,Parma,33.95%,24,0.25,2,100.00%,100.00%
OK,Tulsa,34.13%,136,7.5,2.233333333,96.67%,3.33%
OR,Salem,32.69%,42,20.25,,50.62%,49.38%
OR,Gresham,32.40%,27,0.5,1,100.00%,50.00%
OR,Eugene,29.82%,46,9.25,2.054054054,72.97%,27.03%
OR,Portland,30.72%,184,87.25,2.068767908,70.49%,29.51%
OR,Bend,29.66%,14,15.25,2.049180328,45.90%,54.10%
OR,Medford,34.30%,24,6.75,2.185185185,55.56%,44.44%
OR,Hillsboro,32.15%,26,3.5,2.214285714,64.29%,35.71%
PA,Philadelphia,42.24%,383,25,2.26,50.00%,50.00%
PA,Erie,43.24%,32,1.25,3.4,20.00%,80.00%
PA,Allentown,39.48%,28,1.5,2.333333333,50.00%,50.00%
PA,Bethlehem,37.20%,20,1.25,2.6,60.00%,40.00%
RI,Pawtucket,41.14%,23,1.5,2.5,66.67%,33.33%
PA,Scranton,36.45%,29,0.25,2,100.00%,100.00%
SC,Rock Hill,41.09%,24,2.75,2,9.09%,90.91%
SC,Mount Pleasant,29.71%,14,2,2.75,62.50%,37.50%
SD,Sioux Falls,27.34%,41,0.25,2,100.00%,100.00%
PA,Reading,45.36%,29,2.5,2,80.00%,20.00%
TN,Clarksville,41.66%,37,0.5,2,100.00%,50.00%
RI,Cranston,37.67%,19,1,2.75,75.00%,25.00%
SC,North Charleston,39.59%,31,2.75,,72.73%,27.27%
RI,Warwick,35.77%,24,2.5,2.2,80.00%,20.00%
TX,Houston,35.90%,604,115.75,2.343412527,57.67%,42.33%
TX,Arlington,36.57%,75,20,2.425,61.25%,38.75%
TN,Murfreesboro,37.99%,28,1.75,2,71.43%,28.57%
TN,Memphis,41.61%,183,17.25,1.898550725,71.01%,28.99%
TN,Knoxville,36.31%,84,5,2.25,50.00%,50.00%
TX,Abilene,33.45%,40,0.25,4,100.00%,100.00%
TX,Allen,33.29%,13,0.25,2,100.00%,100.00%
TX,Amarillo,34.14%,57,0.25,4,100.00%,100.00%
TX,Irving,33.79%,55,7.5,2.6,60.00%,40.00%
TX,McAllen,32.61%,29,0,#N/A,#DIV/0!,#DIV/0!
TX,Corpus Christi,34.04%,77,0.25,3,100.00%,100.00%
TX,Carrollton,31.91%,37,4.25,2.470588235,52.94%,47.06%
TX,Brownsville,35.36%,53,0,#N/A,#DIV/0!,#DIV/0!
TX,Bryan,36.55%,18,0,#N/A,#DIV/0!,#DIV/0!
TX,Beaumont,38.69%,36,0,#N/A,#DIV/0!,#DIV/0!
TX,College Station,33.25%,28,0,#N/A,#DIV/0!,#DIV/0!
TX,Baytown,34.98%,22,0.25,3,100.00%,100.00%
TX,Dallas,34.40%,321,112.75,,56.76%,43.24%
TX,Fort Worth,37.49%,170,19.75,2.35443038,77.22%,22.78%
TX,Frisco,31.55%,36,0.5,2.5,50.00%,50.00%
TX,Edinburg,33.78%,15,0,#N/A,#DIV/0!,#DIV/0!
TX,Grand Prairie,35.43%,43,3,2.333333333,50.00%,50.00%
TX,Laredo,35.75%,61,0,#N/A,#DIV/0!,#DIV/0!
TX,Mesquite,34.48%,36,5.5,2.318181818,54.55%,45.45%
TX,Missouri City,36.54%,20,0.5,2,50.00%,100.00%
TX,Lewisville,31.61%,34,1.5,2.333333333,66.67%,33.33%
TX,Killeen,39.71%,31,0,#N/A,#DIV/0!,#DIV/0!
TX,League City,34.79%,16,0.75,2.666666667,66.67%,33.33%
TX,Pasadena,34.42%,77,14.5,2.137931034,70.69%,29.31%
TX,McKinney,33.51%,32,0.5,3.5,100.00%,50.00%
TX,Midland,32.72%,28,1.25,3.8,60.00%,40.00%
TX,Longview,35.37%,24,0.5,2.5,50.00%,100.00%
TX,Mission,33.45%,18,1,2,25.00%,75.00%
TX,San Antonio,35.10%,328,24.5,2.326530612,61.22%,38.78%
TX,Richardson,30.98%,27,3.25,2.615384615,61.54%,38.46%
TX,Tyler,35.71%,30,5.75,2,8.70%,91.30%
TX,Plano,32.62%,60,2,,75.00%,25.00%
TX,Round Rock,33.79%,27,0.5,2.5,50.00%,50.00%
TX,San Angelo,34.00%,25,0,#N/A,#DIV/0!,#DIV/0!
TX,Pharr,34.12%,11,0,#N/A,#DIV/0!,#DIV/0!
TX,Waco,35.02%,41,0.75,2.333333333,33.33%,66.67%
TX,Pearland,32.61%,17,0.25,3,100.00%,100.00%
WI,Madison,29.32%,70,10.25,2.146341463,63.41%,36.59%
UT,Layton,31.18%,21,3.5,2,42.86%,57.14%
VA,Newport News,38.51%,46,5.5,2.5,45.45%,54.55%
VA,Chesapeake,38.44%,43,7.5,2.3,43.33%,56.67%
UT,Sandy,29.00%,31,6.75,2,62.96%,37.04%
VA,Norfolk,41.91%,81,10.25,2.268292683,46.34%,53.66%
VA,Hampton,43.22%,35,6.25,2.28,68.00%,32.00%
VA,Portsmouth,45.56%,33,4.75,2.526315789,68.42%,31.58%
UT,Orem,30.19%,26,1.75,2,71.43%,28.57%
VA,Lynchburg,37.09%,21,0.75,2.666666667,100.00%,33.33%
UT,Ogden,34.39%,29,14.75,2.084745763,72.88%,27.12%
VT,Burlington,28.77%,13,2.25,2.555555556,77.78%,22.22%
UT,West Jordan,31.36%,24,5,1.95,80.00%,20.00%
TX,Wichita Falls,38.95%,33,2,,37.50%,62.50%
UT,St. George,30.98%,16,0,#N/A,#DIV/0!,#DIV/0!
UT,Provo,30.85%,32,4,2.125,56.25%,43.75%
WI,Milwaukee,39.90%,216,17.5,2.342857143,81.43%,18.57%
WA,Tacoma,38.08%,56,8.75,2.2,51.43%,48.57%
VA,Richmond,38.40%,99,50.5,1.965346535,68.81%,31.19%
VA,Roanoke,39.56%,25,3.25,2.384615385,53.85%,46.15%
VA,Virginia Beach,37.37%,101,7.5,2.3,46.67%,53.33%
WA,Seattle,29.51%,136,43.25,2.341040462,63.01%,36.99%
WA,Renton,31.93%,28,4.75,2.368421053,57.89%,42.11%
WA,Everett,37.23%,30,4,2.1875,81.25%,18.75%
WA,Kennewick,34.09%,16,0,#N/A,#DIV/0!,#DIV/0!
WA,Bellevue,28.49%,32,8.5,2.411764706,61.76%,38.24%
WA,Federal Way,32.79%,22,3.75,2.333333333,66.67%,33.33%
WA,Auburn,32.40%,22,7,2.357142857,64.29%,35.71%
VA,Suffolk,41.21%,30,2.25,2.444444444,44.44%,55.56%
WA,Bellingham,30.07%,19,1.5,2,50.00%,50.00%
WI,Racine,39.68%,26,0,#N/A,#DIV/0!,#DIV/0!
WA,Spokane Valley,31.72%,27,0.25,3,100.00%,100.00%
WI,Green Bay,36.07%,32,0,,#DIV/0!,#DIV/0!
WI,Appleton,29.81%,27,1.25,3.2,60.00%,40.00%
WA,Vancouver,32.46%,54,3,2,75.00%,25.00%
WV,Charleston,35.50%,71,6.75,2.222222222,70.37%,29.63%
WI,Kenosha,35.04%,30,0.5,2,100.00%,50.00%
WA,Yakima,33.30%,24,0.25,2,100.00%,100.00%
WY,Cheyenne,33.26%,18,0.5,3,50.00%,50.00%
WI,Waukesha,33.23%,23,0,#N/A,#DIV/0!,#DIV/0!